ranking,budget,n_sends,cost_spent,profit_per_customer,standard_error,ci_low,ci_high,total_profit,baseline_profit,n_customers,budget_used,net_gain,return_on_spend
predicted profit,0.0,0,0.0,0.19583680653337085,0.02384178019648611,0.14910777602093778,0.24256583704580392,12533.555618135735,12533.555618135735,64000,0.0,0.0,
predicted profit,320.0,3200,320.0,0.20123864728950303,0.02410153471133386,0.15400050728314668,0.24847678729585937,12879.273426528194,12533.555618135735,64000,1.0,345.7178083924591,1.0803681512264347
predicted profit,640.0,6400,640.0,0.21966712170998237,0.025501607095562134,0.1696848902547895,0.26964935316517524,14058.695789438872,12533.555618135735,64000,1.0,1525.1401713031373,2.383031517661152
predicted profit,960.0,9600,960.0,0.22523922326473894,0.026444847930885255,0.17340827374356527,0.2770701727859126,14415.310288943292,12533.555618135735,64000,1.0,1881.754670807557,1.9601611154245384
predicted profit,1280.0,12800,1280.0,0.21945320051703698,0.025819328509464393,0.16884824653347855,0.27005815450059545,14045.004833090366,12533.555618135735,64000,1.0,1511.4492149546313,1.1808196991833058
predicted profit,1600.0,16000,1600.0,0.21733424551703845,0.026208311532370354,0.1659668988179868,0.2687015922160901,13909.391713090461,12533.555618135735,64000,1.0,1375.836094954726,0.8598975593467038
predicted profit,1920.0,19200,1920.0,0.23225060635319256,0.027324112855445178,0.17869632924701212,0.285804883459373,14864.038806604323,12533.555618135735,64000,1.0,2330.483188468588,1.2137933273273898
predicted profit,2240.0,22400,2240.0,0.2332114453339687,0.02741555585343644,0.179477943245087,0.28694494742285037,14925.532501373997,12533.555618135735,64000,1.0,2391.9768832382615,1.067846822874224
predicted profit,2560.0,25600,2560.0,0.24083967631833328,0.027636700290206977,0.18667273909799995,0.29500661353866664,15413.73928437333,12533.555618135735,64000,1.0,2880.1836662375954,1.1250717446240608
predicted profit,2880.0,28800,2880.0,0.24264678741107823,0.027860820160979783,0.18804058331581042,0.29725299150634604,15529.394394309007,12533.555618135735,64000,1.0,2995.838776173272,1.0402217972823862
predicted profit,3200.0,32000,3200.0,0.24747612488010937,0.028535238197228432,0.19154808572326998,0.30340416403694875,15838.471992326999,12533.555618135735,64000,1.0,3304.9163741912635,1.0327863669347699
predicted profit,3520.0,35200,3520.0,0.25410458460962215,0.029532981771790208,0.19622100398083542,0.3119881652384089,16262.693415015818,12533.555618135735,64000,1.0,3729.1377968800825,1.0594141468409326
predicted profit,3840.0,38400,3840.0,0.2516523599686289,0.029896409497698187,0.19305647408607923,0.31024824585117855,16105.75103799225,12533.555618135735,64000,1.0,3572.1954198565145,0.9302592239209673
predicted profit,4160.0,41600,4160.0,0.25421365785728184,0.03039730444576853,0.19463603591647627,0.3137912797980874,16269.674102866038,12533.555618135735,64000,1.0,3736.118484730303,0.8981054049832459
predicted profit,4480.0,44800,4480.0,0.2703112825865758,0.03173684647930001,0.20810820650427095,0.3325143586688806,17299.92208554085,12533.555618135735,64000,1.0,4766.366467405114,1.0639210864743558
predicted profit,4800.0,48000,4800.0,0.26860714616105075,0.03179628529998835,0.20628757213091325,0.33092672019118824,17190.85735430725,12533.555618135735,64000,1.0,4657.301736171514,0.970271195035732
predicted profit,5120.0,51200,5120.0,0.2763510207621319,0.032222362689117476,0.21319635039467444,0.3395056911295894,17686.46532877644,12533.555618135735,64000,1.0,5152.909710640706,1.006427677859513
predicted profit,5440.0,54400,5440.0,0.28526990123859547,0.032908267331364024,0.22077088247550594,0.349768920001685,18257.27367927011,12533.555618135735,64000,1.0,5723.718061134376,1.0521540553555837
predicted profit,5760.0,54881,5488.1,0.28515507926283773,0.03294293498845292,0.2205881131404256,0.34972204538524987,18249.925072821614,12533.555618135735,64000,0.952795138888889,5716.369454685879,1.0415935304906758
predicted profit,6080.0,54881,5488.1,0.28515507926283773,0.03294293498845292,0.2205881131404256,0.34972204538524987,18249.925072821614,12533.555618135735,64000,0.9026480263157896,5716.369454685879,1.0415935304906758
predicted profit,6400.0,54881,5488.1,0.28515507926283773,0.03294293498845292,0.2205881131404256,0.34972204538524987,18249.925072821614,12533.555618135735,64000,0.857515625,5716.369454685879,1.0415935304906758
predicted visit uplift,0.0,0,0.0,0.19583680653337085,0.02384178019648611,0.14910777602093778,0.24256583704580392,12533.555618135735,12533.555618135735,64000,0.0,0.0,
predicted visit uplift,320.0,3200,320.0,0.2105531759711261,0.025387061243220974,0.16079545026110034,0.26031090168115184,13475.403262152071,12533.555618135735,64000,1.0,941.8476440163358,2.9432738875510496
predicted visit uplift,640.0,6400,640.0,0.22058168280694615,0.02631609309833779,0.169003088120401,0.2721602774934913,14117.227699644554,12533.555618135735,64000,1.0,1583.6720815088192,2.4744876273575303
predicted visit uplift,960.0,9600,960.0,0.2063275744928259,0.0255538873602846,0.15624287560167477,0.25641227338397704,13204.964767540858,12533.555618135735,64000,1.0,671.4091494051227,0.6993845306303361
predicted visit uplift,1280.0,12800,1280.0,0.22360971830973383,0.027354286485104292,0.1699963019761387,0.277223134643329,14311.021971822965,12533.555618135735,64000,1.0,1777.4663536872304,1.3886455888181488
predicted visit uplift,1600.0,16000,1600.0,0.2344802840088102,0.02787333832578088,0.1798495447613797,0.2891110232562407,15006.738176563853,12533.555618135735,64000,1.0,2473.1825584281178,1.5457390990175737
predicted visit uplift,1920.0,19200,1920.0,0.24491242612612069,0.028803072208606246,0.1884594419531459,0.30136541029909547,15674.395272071724,12533.555618135735,64000,1.0,3140.839653935989,1.6358539864249944
predicted visit uplift,2240.0,22400,2240.0,0.24970327620161814,0.029689782089478943,0.19151237259739706,0.3078941798058392,15981.00967690356,12533.555618135735,64000,1.0,3447.4540587678257,1.5390419905213508
predicted visit uplift,2560.0,25600,2560.0,0.2590332139985154,0.030262977699228585,0.19971886764308858,0.3183475603539423,16578.125695904986,12533.555618135735,64000,1.0,4044.570077769251,1.5799101866286136
predicted visit uplift,2880.0,28800,2880.0,0.27197045706859807,0.031019156632955885,0.2111740272371978,0.33276688689999834,17406.109252390277,12533.555618135735,64000,1.0,4872.553634254542,1.691858900782827
predicted visit uplift,3200.0,32000,3200.0,0.29012307185733055,0.03212846809006673,0.22715243152235537,0.35309371219230573,18567.876598869156,12533.555618135735,64000,1.0,6034.320980733421,1.885725306479194
predicted visit uplift,3520.0,35200,3520.0,0.2864279941626463,0.03146806184107535,0.22475172629085943,0.3481042620344332,18331.391626409364,12533.555618135735,64000,1.0,5797.836008273629,1.6471125023504627
predicted visit uplift,3840.0,38400,3840.0,0.30431839361137236,0.03284795395104574,0.23993758690149253,0.3686992003212522,19476.37719112783,12533.555618135735,64000,1.0,6942.821572992096,1.808026451300025
predicted visit uplift,4160.0,41600,4160.0,0.3145191733183421,0.03335594473769196,0.24914272296215753,0.3798956236745267,20129.227092373894,12533.555618135735,64000,1.0,7595.671474238159,1.8258825659226343
predicted visit uplift,4480.0,44800,4480.0,0.30886090751981826,0.033344623229281126,0.24350664691236956,0.37421516812726696,19767.09808126837,12533.555618135735,64000,1.0,7233.542463132635,1.614630014092106
predicted visit uplift,4800.0,48000,4800.0,0.3066627092883632,0.0333643578361708,0.24126976956216173,0.37205564901456467,19626.413394455245,12533.555618135735,64000,1.0,7092.85777631951,1.477678703399898
predicted visit uplift,5120.0,51200,5120.0,0.31955749361309566,0.03408541768846073,0.2527513025457081,0.3863636846804832,20451.67959123812,12533.555618135735,64000,1.0,7918.123973102385,1.5465085884965597
predicted visit uplift,5440.0,54400,5440.0,0.34352088623631843,0.03612971187239841,0.27270795219460836,0.4143338202780285,21985.33671912438,12533.555618135735,64000,1.0,9451.781100988646,1.7374597612111482
predicted visit uplift,5760.0,54881,5488.1,0.34476905431241983,0.03619730407531283,0.27382364198736175,0.4157144666374779,22065.21947599487,12533.555618135735,64000,0.952795138888889,9531.663857859134,1.7367875690783938
predicted visit uplift,6080.0,54881,5488.1,0.34476905431241983,0.03619730407531283,0.27382364198736175,0.4157144666374779,22065.21947599487,12533.555618135735,64000,0.9026480263157896,9531.663857859134,1.7367875690783938
predicted visit uplift,6400.0,54881,5488.1,0.34476905431241983,0.03619730407531283,0.27382364198736175,0.4157144666374779,22065.21947599487,12533.555618135735,64000,0.857515625,9531.663857859134,1.7367875690783938
always Mens,0.0,0,0.0,0.19583680653337085,0.02384178019648611,0.14910777602093778,0.24256583704580392,12533.555618135735,12533.555618135735,64000,0.0,0.0,
always Mens,320.0,3200,320.0,0.1968150824273015,0.024164217226156828,0.14945408694943174,0.24417607790517126,12596.165275347295,12533.555618135735,64000,1.0,62.60965721156026,0.19565517878612582
always Mens,640.0,6400,640.0,0.2004249040164691,0.024907657238660712,0.15160679288942572,0.24924301514351246,12827.193857054022,12533.555618135735,64000,1.0,293.63823891828724,0.4588097483098238
always Mens,960.0,9600,960.0,0.1932544683859381,0.023781327717095506,0.14664392255588676,0.23986501421598944,12368.28597670004,12533.555618135735,64000,1.0,-165.26964143569603,-0.1721558764955167
always Mens,1280.0,12800,1280.0,0.2162730098483691,0.026639054395846677,0.1640614226503062,0.268484597046432,13841.472630295622,12533.555618135735,64000,1.0,1307.9170121598872,1.021810165749912
always Mens,1600.0,16000,1600.0,0.24257444765218167,0.028319014009277138,0.18707020011631323,0.2980786951880501,15524.764649739627,12533.555618135735,64000,1.0,2991.209031603892,1.8695056447524325
always Mens,1920.0,19200,1920.0,0.2495551939815036,0.028885187027379116,0.19294126772113696,0.30616912024187026,15971.53241481623,12533.555618135735,64000,1.0,3437.9767966804957,1.790612914937758
always Mens,2240.0,22400,2240.0,0.24992050319161785,0.029351759738241695,0.1923921112217913,0.30744889516144436,15994.912204263543,12533.555618135735,64000,1.0,3461.3565861278075,1.545248475949914
always Mens,2560.0,25600,2560.0,0.24310608163182065,0.029385208673150313,0.185512130954252,0.3007000323093893,15558.789224436521,12533.555618135735,64000,1.0,3025.233606300786,1.1817318774612446
always Mens,2880.0,28800,2880.0,0.24727743117251036,0.02992891197284299,0.18861784160926848,0.30593702073575224,15825.755595040662,12533.555618135735,64000,1.0,3292.199976904927,1.1431249919808775
always Mens,3200.0,32000,3200.0,0.26170555603584017,0.03102941184311065,0.20088902636188266,0.3225220857097977,16749.15558629377,12533.555618135735,64000,1.0,4215.599968158036,1.3173749900493863
always Mens,3520.0,35200,3520.0,0.27033786107711777,0.03153333575650707,0.2085336586819548,0.3321420634722807,17301.62310893554,12533.555618135735,64000,1.0,4768.067490799804,1.354564628068126
always Mens,3840.0,38400,3840.0,0.2793573484013733,0.032856189402609565,0.21496040050303195,0.3437542962997146,17878.87029768789,12533.555618135735,64000,1.0,5345.314679552153,1.3920090311333733
always Mens,4160.0,41600,4160.0,0.2881150872831617,0.03337991353772872,0.22269165894215243,0.353538515624171,18439.36558612235,12533.555618135735,64000,1.0,5905.809967986614,1.4196658576890897
always Mens,4480.0,44800,4480.0,0.2921938486349079,0.03392561965026961,0.2257008559671751,0.35868684130264067,18700.406312634106,12533.555618135735,64000,1.0,6166.850694498371,1.3765291728791007
always Mens,4800.0,48000,4800.0,0.3201669178611689,0.03575655467505879,0.2500853584868164,0.3902484772355214,20490.68274311481,12533.555618135735,64000,1.0,7957.127124979073,1.6577348177039737
always Mens,5120.0,51200,5120.0,0.3295751676253114,0.03634058673082004,0.25834892645584995,0.4008014087947729,21092.81072801993,12533.555618135735,64000,1.0,8559.255109884194,1.6717295136492567
always Mens,5440.0,54400,5440.0,0.3345633128766456,0.0366131738961137,0.26280281068056066,0.4063238150727305,21412.052024105316,12533.555618135735,64000,1.0,8878.496405969581,1.6320765452149966
always Mens,5760.0,54881,5488.1,0.3342252351427827,0.0366155972601857,0.2624599832403952,0.40599048704517016,21390.415049138093,12533.555618135735,64000,0.952795138888889,8856.859431002358,1.6138298192457057
always Mens,6080.0,54881,5488.1,0.3342252351427827,0.0366155972601857,0.2624599832403952,0.40599048704517016,21390.415049138093,12533.555618135735,64000,0.9026480263157896,8856.859431002358,1.6138298192457057
always Mens,6400.0,54881,5488.1,0.3342252351427827,0.0366155972601857,0.2624599832403952,0.40599048704517016,21390.415049138093,12533.555618135735,64000,0.857515625,8856.859431002358,1.6138298192457057
random ranking,0.0,0,0.0,0.19583680653337085,0.02384178019648611,0.14910777602093778,0.24256583704580392,12533.555618135735,12533.555618135735,64000,0.0,0.0,
random ranking,320.0,3200,320.0,0.22641521010426466,0.025869654502897153,0.1757116189860918,0.2771188012224375,14490.573446672937,12533.555618135735,64000,1.0,1957.0178285372021,6.115680714178756
random ranking,640.0,6400,640.0,0.23821998294211025,0.026904447002100932,0.1854882357940258,0.2909517300901947,15246.078908295056,12533.555618135735,64000,1.0,2712.523290159321,4.238317640873939
random ranking,960.0,9600,960.0,0.2309502185779191,0.02660364267664438,0.17880803707412335,0.2830924000817148,14780.813988986822,12533.555618135735,64000,1.0,2247.2583708510865,2.340894136303215
random ranking,1280.0,12800,1280.0,0.22310173410715775,0.02576802687029859,0.17259732948871215,0.27360613872560335,14278.510982858095,12533.555618135735,64000,1.0,1744.9553647223602,1.3632463786893438
random ranking,1600.0,16000,1600.0,0.2309383978461566,0.02637382946245321,0.17924664196534695,0.28263015372696626,14780.057462154024,12533.555618135735,64000,1.0,2246.5018440182885,1.4040636525114303
random ranking,1920.0,19200,1920.0,0.23784515198229697,0.027858991360855522,0.18324253226940765,0.2924477716951863,15222.089726867007,12533.555618135735,64000,1.0,2688.5341087312718,1.4002781816308707
random ranking,2240.0,22400,2240.0,0.24097488848133028,0.02765678634150785,0.1867685833238556,0.29518119363880496,15422.392862805138,12533.555618135735,64000,1.0,2888.837244669403,1.289659484227412
random ranking,2560.0,25600,2560.0,0.23037814636413684,0.026826656872063672,0.1777988650692781,0.28295742765899556,14744.201367304757,12533.555618135735,64000,1.0,2210.6457491690217,0.8635334957691491
random ranking,2880.0,28800,2880.0,0.23898796252464785,0.02747853674592013,0.18513102015478394,0.29284490489451176,15295.229601577463,12533.555618135735,64000,1.0,2761.6739834417276,0.9589145775839332
random ranking,3200.0,32000,3200.0,0.2519528630705557,0.028560613491901816,0.19597508925005938,0.307930636891052,16124.983236515565,12533.555618135735,64000,1.0,3591.42761837983,1.1223211307436969
random ranking,3520.0,35200,3520.0,0.25263000276538694,0.0289890962562458,0.19581241815878025,0.3094475873719936,16168.320176984764,12533.555618135735,64000,1.0,3634.7645588490286,1.0326035678548378
random ranking,3840.0,38400,3840.0,0.25579459519760395,0.029232585687979182,0.1984997800741837,0.31308941032102416,16370.854092646652,12533.555618135735,64000,1.0,3837.298474510917,0.999296477737218
random ranking,4160.0,41600,4160.0,0.2601514228636494,0.03004398984719983,0.2012662848112507,0.3190365609160481,16649.69106327356,12533.555618135735,64000,1.0,4116.135445137825,0.9894556358504386
random ranking,4480.0,44800,4480.0,0.2686815204913302,0.03097024514071332,0.20798095542315548,0.32938208555950493,17195.617311445134,12533.555618135735,64000,1.0,4662.061693309399,1.0406387708279907
random ranking,4800.0,48000,4800.0,0.27136222205667543,0.031096235107846325,0.21041472119050664,0.3323097229228442,17367.182211627227,12533.555618135735,64000,1.0,4833.626593491492,1.0070055403107274
random ranking,5120.0,51200,5120.0,0.2667522237185175,0.03163579970404935,0.20474719567645785,0.32875725176057713,17072.14231798512,12533.555618135735,64000,1.0,4538.586699849384,0.8864427148143328
random ranking,5440.0,54400,5440.0,0.2884467919090022,0.03313448731688027,0.22350439012171763,0.35338919369628674,18460.59468217614,12533.555618135735,64000,1.0,5927.039064040404,1.0895292397133096
random ranking,5760.0,54881,5488.1,0.28515507926283773,0.03294293498845292,0.2205881131404256,0.34972204538524987,18249.925072821614,12533.555618135735,64000,0.952795138888889,5716.369454685879,1.0415935304906758
random ranking,6080.0,54881,5488.1,0.28515507926283773,0.03294293498845292,0.2205881131404256,0.34972204538524987,18249.925072821614,12533.555618135735,64000,0.9026480263157896,5716.369454685879,1.0415935304906758
random ranking,6400.0,54881,5488.1,0.28515507926283773,0.03294293498845292,0.2205881131404256,0.34972204538524987,18249.925072821614,12533.555618135735,64000,0.857515625,5716.369454685879,1.0415935304906758
