treatment_arm,spend_effect,spend_ci_low,spend_ci_high,profit_per_email,profit_ci_low,profit_ci_high,p_value,break_even_spend,break_even_margin,break_even_margin_low,break_even_margin_high,margin,cost,profitable
Mens E-Mail,0.7698271558945368,0.4851397325684076,1.0545145792206658,0.02698271558945367,-0.0014860267431592508,0.05545145792206659,0.06321707416706956,0.5,0.06494964436776741,0.04741518134054844,0.10306309016433673,0.1,0.05,False
Womens E-Mail,0.4244122159365967,0.16895678988377877,0.6798676419894147,-0.0075587784063403315,-0.033104321011622126,0.017986764198941466,0.5619451672389311,0.5,0.11780999255560906,0.07354372661962706,0.29593365282563533,0.1,0.05,False
Mens E-Mail,0.7698271558945368,0.4851397325684076,1.0545145792206658,-0.023017284410546346,-0.05148602674315927,0.005451457922066576,0.11304216427732856,1.0,0.12989928873553483,0.09483036268109687,0.20612618032867347,0.1,0.1,False
Womens E-Mail,0.4244122159365967,0.16895678988377877,0.6798676419894147,-0.05755877840634034,-0.08310432101162214,-0.03201323580105854,1.0067164371341932e-05,1.0,0.23561998511121812,0.14708745323925412,0.5918673056512707,0.1,0.1,False
Mens E-Mail,0.7698271558945368,0.4851397325684076,1.0545145792206658,-0.12301728441054632,-0.15148602674315925,-0.0945485420779334,2.5537647083133585e-17,2.0,0.25979857747106966,0.18966072536219375,0.41225236065734694,0.1,0.2,False
Womens E-Mail,0.4244122159365967,0.16895678988377877,0.6798676419894147,-0.1575587784063403,-0.1831043210116221,-0.1320132358010585,1.3824613710071104e-33,2.0,0.47123997022243624,0.29417490647850825,1.1837346113025413,0.1,0.2,False
Mens E-Mail,0.7698271558945368,0.4851397325684076,1.0545145792206658,-0.2230172844105463,-0.25148602674315923,-0.19454854207793337,4.842442067705968e-53,2.9999999999999996,0.3896978662066044,0.2844910880432906,0.6183785409860204,0.1,0.3,False
Womens E-Mail,0.4244122159365967,0.16895678988377877,0.6798676419894147,-0.2575587784063403,-0.2831043210116221,-0.23201323580105848,1.6484825557903877e-86,2.9999999999999996,0.7068599553336543,0.44126235971776234,1.7756019169538118,0.1,0.3,False
Mens E-Mail,0.7698271558945368,0.4851397325684076,1.0545145792206658,0.0654740733841805,0.02277095988526112,0.10817718688309988,0.0026559249551067546,0.3333333333333333,0.06494964436776741,0.04741518134054844,0.10306309016433673,0.15000000000000002,0.05,True
Womens E-Mail,0.4244122159365967,0.16895678988377877,0.6798676419894147,0.013661832390489514,-0.024656481517433188,0.051980146298412216,0.48467014578942585,0.3333333333333333,0.11780999255560906,0.07354372661962706,0.29593365282563533,0.15000000000000002,0.05,False
Mens E-Mail,0.7698271558945368,0.4851397325684076,1.0545145792206658,0.015474073384180484,-0.027229040114738888,0.058177186883099856,0.4775573935071974,0.6666666666666666,0.12989928873553483,0.09483036268109687,0.20612618032867347,0.15000000000000002,0.1,False
Womens E-Mail,0.4244122159365967,0.16895678988377877,0.6798676419894147,-0.0363381676095105,-0.0746564815174332,0.001980146298412193,0.06307181427532738,0.6666666666666666,0.23561998511121812,0.14708745323925412,0.5918673056512707,0.15000000000000002,0.1,False
Mens E-Mail,0.7698271558945368,0.4851397325684076,1.0545145792206658,-0.08452592661581951,-0.1272290401147389,-0.04182281311690013,0.00010478849317415891,1.3333333333333333,0.25979857747106966,0.18966072536219375,0.41225236065734694,0.15000000000000002,0.2,False
Womens E-Mail,0.4244122159365967,0.16895678988377877,0.6798676419894147,-0.1363381676095105,-0.1746564815174332,-0.0980198537015878,3.131643916085657e-12,1.3333333333333333,0.47123997022243624,0.29417490647850825,1.1837346113025413,0.15000000000000002,0.2,False
Mens E-Mail,0.7698271558945368,0.4851397325684076,1.0545145792206658,-0.18452592661581946,-0.22722904011473882,-0.1418228131169001,2.5537647083133585e-17,1.9999999999999996,0.3896978662066044,0.2844910880432906,0.6183785409860204,0.15000000000000002,0.3,False
Womens E-Mail,0.4244122159365967,0.16895678988377877,0.6798676419894147,-0.23633816760951043,-0.27465648151743316,-0.19801985370158773,1.3824613710071529e-33,1.9999999999999996,0.7068599553336543,0.44126235971776234,1.7756019169538118,0.15000000000000002,0.3,False
Mens E-Mail,0.7698271558945368,0.4851397325684076,1.0545145792206658,0.10396543117890736,0.047027946513681515,0.1609029158441332,0.00034544980756898364,0.24999999999999997,0.06494964436776741,0.04741518134054844,0.10306309016433673,0.20000000000000004,0.05,True
Womens E-Mail,0.4244122159365967,0.16895678988377877,0.6798676419894147,0.03488244318731937,-0.016208642023244235,0.08597352839788297,0.18083688160813946,0.24999999999999997,0.11780999255560906,0.07354372661962706,0.29593365282563533,0.20000000000000004,0.05,False
Mens E-Mail,0.7698271558945368,0.4851397325684076,1.0545145792206658,0.05396543117890734,-0.0029720534863185016,0.11090291584413318,0.06321707416706956,0.49999999999999994,0.12989928873553483,0.09483036268109687,0.20612618032867347,0.20000000000000004,0.1,False
Womens E-Mail,0.4244122159365967,0.16895678988377877,0.6798676419894147,-0.015117556812680677,-0.06620864202324428,0.035973528397882926,0.5619451672389306,0.49999999999999994,0.23561998511121812,0.14708745323925412,0.5918673056512707,0.20000000000000004,0.1,False
Mens E-Mail,0.7698271558945368,0.4851397325684076,1.0545145792206658,-0.04603456882109268,-0.10297205348631852,0.010902915844133165,0.11304216427732862,0.9999999999999999,0.25979857747106966,0.18966072536219375,0.41225236065734694,0.20000000000000004,0.2,False
Womens E-Mail,0.4244122159365967,0.16895678988377877,0.6798676419894147,-0.11511755681268068,-0.16620864202324429,-0.06402647160211708,1.0067164371341964e-05,0.9999999999999999,0.47123997022243624,0.29417490647850825,1.1837346113025413,0.20000000000000004,0.2,False
Mens E-Mail,0.7698271558945368,0.4851397325684076,1.0545145792206658,-0.1460345688210926,-0.20297205348631842,-0.08909708415586674,5.002249636911777e-07,1.4999999999999996,0.3896978662066044,0.2844910880432906,0.6183785409860204,0.20000000000000004,0.3,False
Womens E-Mail,0.4244122159365967,0.16895678988377877,0.6798676419894147,-0.21511755681268058,-0.2662086420232442,-0.16402647160211697,1.596367405030047e-16,1.4999999999999996,0.7068599553336543,0.44126235971776234,1.7756019169538118,0.20000000000000004,0.3,False
Mens E-Mail,0.7698271558945368,0.4851397325684076,1.0545145792206658,0.14245678897363423,0.07128493314210192,0.21362864480516652,8.75501079672203e-05,0.19999999999999996,0.06494964436776741,0.04741518134054844,0.10306309016433673,0.25000000000000006,0.05,True
Womens E-Mail,0.4244122159365967,0.16895678988377877,0.6798676419894147,0.05610305398414919,-0.007760802529055311,0.1199669104973537,0.08510638237032223,0.19999999999999996,0.11780999255560906,0.07354372661962706,0.29593365282563533,0.25000000000000006,0.05,False
Mens E-Mail,0.7698271558945368,0.4851397325684076,1.0545145792206658,0.09245678897363413,0.021284933142101822,0.16362864480516642,0.010894252064261957,0.3999999999999999,0.12989928873553483,0.09483036268109687,0.20612618032867347,0.25000000000000006,0.1,True
Womens E-Mail,0.4244122159365967,0.16895678988377877,0.6798676419894147,0.006103053984149148,-0.057760802529055355,0.06996691049735365,0.8514211287910108,0.3999999999999999,0.23561998511121812,0.14708745323925412,0.5918673056512707,0.25000000000000006,0.1,False
Mens E-Mail,0.7698271558945368,0.4851397325684076,1.0545145792206658,-0.007543211026365876,-0.07871506685789818,0.06362864480516643,0.8354367729552364,0.7999999999999998,0.25979857747106966,0.18966072536219375,0.41225236065734694,0.25000000000000006,0.2,False
Womens E-Mail,0.4244122159365967,0.16895678988377877,0.6798676419894147,-0.09389694601585087,-0.1577608025290554,-0.030033089502646368,0.003956730779909296,0.7999999999999998,0.47123997022243624,0.29417490647850825,1.1837346113025413,0.25000000000000006,0.2,False
Mens E-Mail,0.7698271558945368,0.4851397325684076,1.0545145792206658,-0.10754321102636578,-0.1787150668578981,-0.03637135519483348,0.00306168428455729,1.1999999999999997,0.3896978662066044,0.2844910880432906,0.6183785409860204,0.25000000000000006,0.3,False
Womens E-Mail,0.4244122159365967,0.16895678988377877,0.6798676419894147,-0.19389694601585078,-0.2577608025290553,-0.13003308950264628,2.6900942130413538e-09,1.1999999999999997,0.7068599553336543,0.44126235971776234,1.7756019169538118,0.25000000000000006,0.3,False
Mens E-Mail,0.7698271558945368,0.4851397325684076,1.0545145792206658,0.180948146768361,0.09554191977052223,0.26635437376619975,3.293664341810271e-05,0.16666666666666666,0.06494964436776741,0.04741518134054844,0.10306309016433673,0.30000000000000004,0.05,True
Womens E-Mail,0.4244122159365967,0.16895678988377877,0.6798676419894147,0.07732366478097899,0.0006870369651336,0.15396029259682437,0.04798130780282929,0.16666666666666666,0.11780999255560906,0.07354372661962706,0.29593365282563533,0.30000000000000004,0.05,True
Mens E-Mail,0.7698271558945368,0.4851397325684076,1.0545145792206658,0.130948146768361,0.04554191977052224,0.21635437376619976,0.0026559249551067546,0.3333333333333333,0.12989928873553483,0.09483036268109687,0.20612618032867347,0.30000000000000004,0.1,True
Womens E-Mail,0.4244122159365967,0.16895678988377877,0.6798676419894147,0.02732366478097903,-0.049312963034866375,0.10396029259682443,0.48467014578942585,0.3333333333333333,0.23561998511121812,0.14708745323925412,0.5918673056512707,0.30000000000000004,0.1,False
Mens E-Mail,0.7698271558945368,0.4851397325684076,1.0545145792206658,0.030948146768360968,-0.054458080229477776,0.11635437376619971,0.4775573935071974,0.6666666666666666,0.25979857747106966,0.18966072536219375,0.41225236065734694,0.30000000000000004,0.2,False
Womens E-Mail,0.4244122159365967,0.16895678988377877,0.6798676419894147,-0.072676335219021,-0.1493129630348664,0.003960292596824386,0.06307181427532738,0.6666666666666666,0.47123997022243624,0.29417490647850825,1.1837346113025413,0.30000000000000004,0.2,False
Mens E-Mail,0.7698271558945368,0.4851397325684076,1.0545145792206658,-0.06905185323163895,-0.1544580802294777,0.016354373766199803,0.1130421642773289,0.9999999999999998,0.3896978662066044,0.2844910880432906,0.6183785409860204,0.30000000000000004,0.3,False
Womens E-Mail,0.4244122159365967,0.16895678988377877,0.6798676419894147,-0.17267633521902098,-0.24931296303486639,-0.09603970740317559,1.0067164371342018e-05,0.9999999999999998,0.7068599553336543,0.44126235971776234,1.7756019169538118,0.30000000000000004,0.3,False
Mens E-Mail,0.7698271558945368,0.4851397325684076,1.0545145792206658,0.2194395045630878,0.11979890639894258,0.31908010272723303,1.588722463275217e-05,0.14285714285714282,0.06494964436776741,0.04741518134054844,0.10306309016433673,0.3500000000000001,0.05,True
Womens E-Mail,0.4244122159365967,0.16895678988377877,0.6798676419894147,0.09854427557780887,0.009134876459322552,0.1879536746962952,0.030757144539956875,0.14285714285714282,0.11780999255560906,0.07354372661962706,0.29593365282563533,0.3500000000000001,0.05,True
Mens E-Mail,0.7698271558945368,0.4851397325684076,1.0545145792206658,0.16943950456308787,0.06979890639894265,0.2690801027272331,0.0008598698637839255,0.28571428571428564,0.12989928873553483,0.09483036268109687,0.20612618032867347,0.3500000000000001,0.1,True
Womens E-Mail,0.4244122159365967,0.16895678988377877,0.6798676419894147,0.04854427557780888,-0.04086512354067744,0.13795367469629521,0.2872525057418254,0.28571428571428564,0.23561998511121812,0.14708745323925412,0.5918673056512707,0.3500000000000001,0.1,False
Mens E-Mail,0.7698271558945368,0.4851397325684076,1.0545145792206658,0.06943950456308784,-0.030201093601057383,0.16908010272723306,0.1719650971271478,0.5714285714285713,0.25979857747106966,0.18966072536219375,0.41225236065734694,0.3500000000000001,0.2,False
Womens E-Mail,0.4244122159365967,0.16895678988377877,0.6798676419894147,-0.05145572442219118,-0.14086512354067748,0.03795367469629514,0.2593237865599575,0.5714285714285713,0.47123997022243624,0.29417490647850825,1.1837346113025413,0.3500000000000001,0.2,False
Mens E-Mail,0.7698271558945368,0.4851397325684076,1.0545145792206658,-0.03056049543691211,-0.13020109360105733,0.06908010272723311,0.5477404448497545,0.8571428571428569,0.3896978662066044,0.2844910880432906,0.6183785409860204,0.3500000000000001,0.3,False
Womens E-Mail,0.4244122159365967,0.16895678988377877,0.6798676419894147,-0.1514557244221911,-0.2408651235406774,-0.06204632530370478,0.0009003454669362665,0.8571428571428569,0.7068599553336543,0.44126235971776234,1.7756019169538118,0.3500000000000001,0.3,False
Mens E-Mail,0.7698271558945368,0.4851397325684076,1.0545145792206658,0.2579308623578147,0.144055893027363,0.3718058316882664,9.041638131746389e-06,0.12499999999999997,0.06494964436776741,0.04741518134054844,0.10306309016433673,0.40000000000000013,0.05,True
Womens E-Mail,0.4244122159365967,0.16895678988377877,0.6798676419894147,0.11976488637463867,0.01758271595351145,0.22194705679576587,0.02160743059034333,0.12499999999999997,0.11780999255560906,0.07354372661962706,0.29593365282563533,0.40000000000000013,0.05,True
Mens E-Mail,0.7698271558945368,0.4851397325684076,1.0545145792206658,0.20793086235781477,0.09405589302736306,0.3218058316882665,0.00034544980756898364,0.24999999999999994,0.12989928873553483,0.09483036268109687,0.20612618032867347,0.40000000000000013,0.1,True
Womens E-Mail,0.4244122159365967,0.16895678988377877,0.6798676419894147,0.06976488637463873,-0.032417284046488484,0.17194705679576594,0.18083688160813957,0.24999999999999994,0.23561998511121812,0.14708745323925412,0.5918673056512707,0.40000000000000013,0.1,False
Mens E-Mail,0.7698271558945368,0.4851397325684076,1.0545145792206658,0.10793086235781474,-0.0059441069726369755,0.22180583168826645,0.06321707416706948,0.4999999999999999,0.25979857747106966,0.18966072536219375,0.41225236065734694,0.40000000000000013,0.2,False
Womens E-Mail,0.4244122159365967,0.16895678988377877,0.6798676419894147,-0.030235113625361354,-0.13241728404648856,0.07194705679576587,0.5619451672389307,0.4999999999999999,0.47123997022243624,0.29417490647850825,1.1837346113025413,0.40000000000000013,0.2,False
Mens E-Mail,0.7698271558945368,0.4851397325684076,1.0545145792206658,0.007930862357814705,-0.10594410697263701,0.12180583168826642,0.891421329234006,0.7499999999999998,0.3896978662066044,0.2844910880432906,0.6183785409860204,0.40000000000000013,0.3,False
Womens E-Mail,0.4244122159365967,0.16895678988377877,0.6798676419894147,-0.1302351136253613,-0.23241728404648854,-0.028052943204234085,0.012489188389427952,0.7499999999999998,0.7068599553336543,0.44126235971776234,1.7756019169538118,0.40000000000000013,0.3,False
Mens E-Mail,0.7698271558945368,0.4851397325684076,1.0545145792206658,0.29642222015254144,0.1683128796557833,0.4245315606492996,5.774256456676336e-06,0.11111111111111109,0.06494964436776741,0.04741518134054844,0.10306309016433673,0.4500000000000001,0.05,True
Womens E-Mail,0.4244122159365967,0.16895678988377877,0.6798676419894147,0.14098549717146858,0.026030555447700457,0.2559404388952367,0.016227783242455104,0.11111111111111109,0.11780999255560906,0.07354372661962706,0.29593365282563533,0.4500000000000001,0.05,True
Mens E-Mail,0.7698271558945368,0.4851397325684076,1.0545145792206658,0.24642222015254162,0.11831287965578344,0.3745315606492998,0.00016338894359645538,0.22222222222222218,0.12989928873553483,0.09483036268109687,0.20612618032867347,0.4500000000000001,0.1,True
Womens E-Mail,0.4244122159365967,0.16895678988377877,0.6798676419894147,0.09098549717146859,-0.023969444552299532,0.20594043889523672,0.12082919584973444,0.22222222222222218,0.23561998511121812,0.14708745323925412,0.5918673056512707,0.4500000000000001,0.1,False
Mens E-Mail,0.7698271558945368,0.4851397325684076,1.0545145792206658,0.14642222015254158,0.018312879655783404,0.27453156064929973,0.025083295555469003,0.44444444444444436,0.25979857747106966,0.18966072536219375,0.41225236065734694,0.4500000000000001,0.2,True
Womens E-Mail,0.4244122159365967,0.16895678988377877,0.6798676419894147,-0.009014502828531445,-0.12396944455229957,0.10594043889523667,0.8778466465685024,0.44444444444444436,0.47123997022243624,0.29417490647850825,1.1837346113025413,0.4500000000000001,0.2,False
Mens E-Mail,0.7698271558945368,0.4851397325684076,1.0545145792206658,0.04642222015254155,-0.0816871203442166,0.1745315606492997,0.4775573935071965,0.6666666666666664,0.3896978662066044,0.2844910880432906,0.6183785409860204,0.4500000000000001,0.3,False
Womens E-Mail,0.4244122159365967,0.16895678988377877,0.6798676419894147,-0.10901450282853145,-0.22396944455229956,0.005940438895236669,0.06307181427532754,0.6666666666666664,0.7068599553336543,0.44126235971776234,1.7756019169538118,0.4500000000000001,0.3,False
Mens E-Mail,0.7698271558945368,0.4851397325684076,1.0545145792206658,0.3349135779472683,0.19256986628420367,0.47725728961033287,4.0082129633926935e-06,0.09999999999999998,0.06494964436776741,0.04741518134054844,0.10306309016433673,0.5000000000000001,0.05,True
Womens E-Mail,0.4244122159365967,0.16895678988377877,0.6798676419894147,0.16220610796829826,0.03447839494188926,0.28993382099470727,0.012810527109996639,0.09999999999999998,0.11780999255560906,0.07354372661962706,0.29593365282563533,0.5000000000000001,0.05,True
Mens E-Mail,0.7698271558945368,0.4851397325684076,1.0545145792206658,0.28491357794726846,0.14256986628420384,0.42725728961033305,8.75501079672203e-05,0.19999999999999996,0.12989928873553483,0.09483036268109687,0.20612618032867347,0.5000000000000001,0.1,True
Womens E-Mail,0.4244122159365967,0.16895678988377877,0.6798676419894147,0.11220610796829839,-0.015521605058110621,0.2399338209947074,0.08510638237032223,0.19999999999999996,0.23561998511121812,0.14708745323925412,0.5918673056512707,0.5000000000000001,0.1,False
Mens E-Mail,0.7698271558945368,0.4851397325684076,1.0545145792206658,0.18491357794726826,0.042569866284203645,0.32725728961033285,0.010894252064261957,0.3999999999999999,0.25979857747106966,0.18966072536219375,0.41225236065734694,0.5000000000000001,0.2,True
Womens E-Mail,0.4244122159365967,0.16895678988377877,0.6798676419894147,0.012206107968298296,-0.11552160505811071,0.1399338209947073,0.8514211287910108,0.3999999999999999,0.47123997022243624,0.29417490647850825,1.1837346113025413,0.5000000000000001,0.2,False
Mens E-Mail,0.7698271558945368,0.4851397325684076,1.0545145792206658,0.08491357794726828,-0.05743013371579633,0.2272572896103329,0.2423171344511681,0.5999999999999999,0.3896978662066044,0.2844910880432906,0.6183785409860204,0.5000000000000001,0.3,False
Womens E-Mail,0.4244122159365967,0.16895678988377877,0.6798676419894147,-0.08779389203170171,-0.21552160505811072,0.0399338209947073,0.1779151538888486,0.5999999999999999,0.7068599553336543,0.44126235971776234,1.7756019169538118,0.5000000000000001,0.3,False
